{
	"name": "DS Black - Filter",
	"identifier": "com.delta.ds.DSBlack-Filter",
	"gameTypeIdentifier": "com.rileytestut.delta.game.ds",
	"debug": false,
	"representations": {
		"iphone": {
			"edgeToEdge": {
				"portrait": {
					"assets": {
						"resizable": "iphone_portrait.pdf"
					},
					"items": [
						{
							"inputs": {
								"up": "up",
								"down": "down",
								"left": "left",
								"right": "right"
							},
							"frame": {
								"x": 75,
								"y": 2099,
								"width": 470,
								"height": 470
							},
							"extendedEdges": {
								"top": 30,
								"bottom": 30,
								"left": 30,
								"right": 30
							}
						},
						{
							"inputs": [
								"a"
							],
							"frame": {
								"x": 1059,
								"y": 2247,
								"width": 173,
								"height": 173
							},
							"extendedEdges": {
								"top": 30,
								"bottom": 30,
								"left": 30,
								"right": 30
							}
						},
						{
							"inputs": [
								"b"
							],
							"frame": {
								"x": 894,
								"y": 2412,
								"width": 173,
								"height": 173
							},
							"extendedEdges": {
								"top": 30,
								"bottom": 30,
								"left": 30,
								"right": 30
							}
						},
						{
							"inputs": [
								"l"
							],
							"frame": {
								"x": 0,
								"y": 2640,
								"width": 232,
								"height": 159
							},
							"extendedEdges": {
								"top": 30,
								"bottom": 0,
								"left": 0,
								"right": 30
							}
						},
						{
							"inputs": [
								"r"
							],
							"frame": {
								"x": 1063,
								"y": 2640,
								"width": 232,
								"height": 159
							},
							"extendedEdges": {
								"top": 30,
								"bottom": 0,
								"left": 30,
								"right": 0
							}
						},
						{
							"inputs": [
								"start"
							],
							"frame": {
								"x": 615,
								"y": 2680,
								"width": 60,
								"height": 60
							},
							"extendedEdges": {
								"top": 45,
								"bottom": 10,
								"left": 40,
								"right": 40
							}
						},
						{
							"inputs": [
								"select"
							],
							"frame": {
								"x": 770,
								"y": 2680,
								"width": 60,
								"height": 60
							},
							"extendedEdges": {
								"top": 45,
								"bottom": 10,
								"left": 40,
								"right": 40
							}
						},
						{
							"inputs": [
								"menu"
							],
							"frame": {
								"x": 460,
								"y": 2680,
								"width": 60,
								"height": 60
							},
							"extendedEdges": {
								"top": 45,
								"bottom": 10,
								"left": 40,
								"right": 40
							}
						},
						{
							"inputs": [
								"y"
							],
							"frame": {
								"x": 730,
								"y": 2246,
								"width": 173,
								"height": 173
							},
							"extendedEdges": {
								"top": 30,
								"bottom": 30,
								"left": 30,
								"right": 30
							}
						},
						{
							"inputs": [
								"x"
							],
							"frame": {
								"x": 894,
								"y": 2082,
								"width": 173,
								"height": 173
							},
							"extendedEdges": {
								"top": 30,
								"bottom": 30,
								"left": 30,
								"right": 30
							}
						},
						{
							"inputs": {
								"x": "touchScreenX",
								"y": "touchScreenY"
							},
							"frame": {
								"x": 80,
								"y": 1066,
								"width": 1132,
								"height": 848
							},
							"extendedEdges": {
								"top": 0,
								"bottom": 0,
								"left": 0,
								"right": 0
							}
						},
						{
							"inputs": [
								"toggleFastForward"
							],
							"frame": {
								"x": 80,
								"y": 170,
								"width": 1132,
								"height": 848
							},
							"extendedEdges": {
								"bottom": 0,
								"left": 0
							}
						}
					],
					"screens": [
            {
              "inputFrame": {
                "x": 0,
                "y": 0,
                "width": 256,
                "height": 192
              },
              "outputFrame": {
                "x": 4,
                "y": 4,
                "width": 1280,
                "height": 2732
              },
              "filters": [
                {
                  "name": "CIAreaAverage"
                }
              ]
            },
{
							"inputFrame": {
								"x": 0,
								"y": 0,
								"width": 256,
								"height": 192
							},
							"outputFrame": {
								"x": 80,
								"y": 170,
								"width": 1132,
								"height": 848
							},
							"filters": [
								{
									"name": "CIColorMonochrome",
									"parameters": {
										"inputIntensity": 0.2,
										"inputColor": {
											"r": "128",
											"g": "128",
											"b": "128"
										}
									}
								}
							]
						},
						{
							"inputFrame": {
								"x": 0,
								"y": 192,
								"width": 256,
								"height": 192
							},
							"outputFrame": {
								"x": 80,
								"y": 1066,
								"width": 1132,
								"height": 848
							},
							"filters": [
								{
									"name": "CIColorMonochrome",
									"parameters": {
										"inputIntensity": 0.2,
										"inputColor": {
											"r": "128",
											"g": "128",
											"b": "128"
										}
									}
								}
							]
						}
					],
					"mappingSize": {
						"width": 1290,
						"height": 2796
					},
					"extendedEdges": {
						"top": 7,
						"bottom": 7,
						"left": 7,
						"right": 7
					}
				}
			}
		}
	}
}